source,n_buildings,share_pct
Google Open Buildings,4646966,53.38642681238308
Microsoft ML Buildings,3130089,35.95986441793319
OpenStreetMap,927341,10.653708769683732
